<?xml version="1.0" encoding="UTF-8"?>
<project-private xmlns="http://www.netbeans.org/ns/project-private/1">
    <editor-bookmarks xmlns="http://www.netbeans.org/ns/editor-bookmarks/2" lastBookmarkId="0"/>
    <open-files xmlns="http://www.netbeans.org/ns/projectui-open-files/2">
        <group>
            <file>file:/C:/Users/bradr/Downloads/CS216%20Assignment%202/CS216%20Assignment%202/src/palindrome/Queue.java</file>
            <file>file:/C:/Users/bradr/Downloads/CS216%20Assignment%202/CS216%20Assignment%202/src/palindrome/PalindromeTester.java</file>
            <file>file:/C:/Users/bradr/Downloads/CS216%20Assignment%202/CS216%20Assignment%202/src/sort/Array.java</file>
        </group>
    </open-files>
</project-private>
